record_id,citation,full_text_retrieved,retrieval_notes,human_full_text_decision,full_text_exclusion_reason,study_or_report_type,include_in_evidence_table,notes
REC00001,Erica L Eliason (2020). Adoption of Medicaid Expansion Is Associated with Lower Maternal Mortality. Women's health issues : official publication of the Jacobs Institute of Women's Health,,,,,,,
REC00002,Emily R Miller; Mark L Hudak (2023). Medicaid and newborn care: challenges and opportunities. Journal of perinatology : official journal of the California Perinatal Association,,,,,,,
REC00003,Giacomo Meille; Maria W Steenland; Erica L Eliason (2026). Medicaid Continuous Coverage Requirement and Postpartum Hospitalization. JAMA health forum,,,,,,,
REC00004,Natasha R Kumar; Ann Borders; Melissa A Simon (2021). Postpartum Medicaid Extension to Address Racial Inequity in Maternal Mortality. American journal of public health,,,,,,,
REC00005,Katlyn Hettinger; Claire Margerison (2023). Postpartum Medicaid Eligibility Expansions and Postpartum Health Measures. Population health management,,,,,,,
REC00006,Ian J Saldanha; Gaelen P Adam; Ghid Kanaan; Michael L Zahradnik; Dale W Steele; Kenneth K Chen; Alex F Peahl; Valery A Danilack-Fekete; Alison M Stuebe; Ethan M Balk (2023). Health Insurance Coverage and Postpartum Outcomes in the US: A Systematic Review. JAMA network open,,,,,,,
REC00007,Natasha Raj Kumar; Adi Hirshberg; Sindhu K Srinivas (2022). Best Practices for Managing Postpartum Hypertension. Current obstetrics and gynecology reports,,,,,,,
REC00008,Patricia Mae G Santos; Aman Narayan; Arthur S Hong; Sonia Persaud; Sierra Silverwood; Kawther Al Ksir; Lilia Cervantes; Benjamin D Sommers; Fumiko Chino; K Robin Yabroff (2025). Landscape of Emergency Medicaid and Health Care Coverage for Undocumented Immigrants in the US. JAMA internal medicine,,,,,,,
REC00009,Elizabeth J Ela; Elsa Vizcarra; Lauren Thaxton; Kari White (2022). Insurance Churn and Postpartum Health among Texas Women with Births Covered by Medicaid/CHIP. Women's health issues : official publication of the Jacobs Institute of Women's Health,,,,,,,
REC00010,Jan T Mooney; Alicia A Dahl; Margaret M Quinlan; Jodie Lisenbee; Farida N Yada; Lindsay E Shade; Joanna Buscemi; Jenna Duffecy (2024). Expand and extend postpartum Medicaid to support maternal and child health. Translational behavioral medicine,,,,,,,
REC00011,"Riley Bove; Angela Applebee; Katrina Bawden; Celeste Fine; Anna Shah; Robin L Avila; Nicholas Belviso; Filipe Branco; Kinyee Fong; James B Lewin; Jieruo Liu; Sarah M England; Megan Vignos (2024). Patterns of disease-modifying therapy utilization before, during, and after pregnancy and postpartum relapses in women with multiple sclerosis. Multiple sclerosis and related disorders",,,,,,,
REC00012,Sarah H Gordon; Benjamin D Sommers; Ira B Wilson; Amal N Trivedi (2020). Effects Of Medicaid Expansion On Postpartum Coverage And Outpatient Utilization. Health affairs (Project Hope),,,,,,,
REC00013,"Lindsay K Admon; Kara Zivin; Katy B Kozhimannil (2021). Perinatal insurance coverage and behavioural health-related maternal mortality. International review of psychiatry (Abingdon, England)",,,,,,,
REC00014,Sarah H Gordon; Lucy Chen; Nancy DeLew; Benjamin D Sommers (2024). COVID-19 Medicaid Continuous Enrollment Provision Yielded Gains In Postpartum Continuity Of Coverage. Health affairs (Project Hope),,,,,,,
REC00015,Rajesh Reddy; Kaitlyn E James; Logan C Mauney; Anjali J Kaimal; Jamie R Daw; Mark A Clapp (2022). Postpartum readmission and uninsurance at readmission for Medicaid vs privately insured births. American journal of obstetrics & gynecology MFM,,,,,,,
REC00016,"Lindsay K Admon; Jamie R Daw; Julia D Interrante; Bridget Basile Ibrahim; Maya J Millette; Katy B Kozhimannil (2023). Rural and Urban Differences in Insurance Coverage at Prepregnancy, Birth, and Postpartum. Obstetrics and gynecology",,,,,,,
REC00017,Maria W Steenland; Amal N Trivedi (2023). Association of Medicaid Expansion With Postpartum Depression Treatment in Arkansas. JAMA health forum,,,,,,,
REC00018,David M Anderson; Rushina Cholera; Alexander Breskin; Sudha R Raman; Charlene Wong (2022). Postpartum Medicaid enrollment and churn in North Carolina. American journal of obstetrics & gynecology MFM,,,,,,,
REC00019,Maria W Steenland; Laura R Wherry (2023). Medicaid Expansion Led To Reductions In Postpartum Hospitalizations. Health affairs (Project Hope),,,,,,,
REC00020,"Jamie R Daw; Colleen L MacCallum-Bridges; Katy B Kozhimannil; Lindsay K Admon (2024). Continuous Medicaid Eligibility During the COVID-19 Pandemic and Postpartum Coverage, Health Care, and Outcomes. JAMA health forum",,,,,,,
REC00021,Shetal Shah; Hayley Friedman (2022). Medicaid and moms: the potential impact of extending medicaid coverage to mothers for 1 year after delivery. Journal of perinatology : official journal of the California Perinatal Association,,,,,,,
REC00022,Asaf Romano; Alexandra Berezowsky (2026). Barriers to Post-Partum Care and How to Overcome Them. American journal of obstetrics & gynecology MFM,,,,,,,
REC00023,Sarah H Gordon; Sobin Lee; Maria W Steenland; Nigel Deen; Emily Feinberg (2024). Extended Postpartum Medicaid In Colorado Associated With Increased Treatment For Perinatal Mood And Anxiety Disorders. Health affairs (Project Hope),,,,,,,
REC00024,Rachel Fabi; Katherine Narváez Mena; Arielle Desir; Margaret White; Laura Wherry; Maria Steenland (2025). Public Coverage of Postpartum Services for Immigrants. JAMA health forum,,,,,,,
REC00025,Sepideh Modrek; Daniel F Collin; Rita Hamad; Justin S White (2024). Medicaid Expansion and Perinatal Health Outcomes: A Quasi-Experimental Study. Maternal and child health journal,,,,,,,
REC00026,Katie Gifford; Rebecca McColl; Mary Joan McDuffie; Michel Boudreaux (2024). Postpartum long-acting reversible contraceptive adoption after a statewide initiative. Health services research,,,,,,,
REC00027,Jonas J Swartz; Ashley Lawson Avis; M Kate Bundorf; Marisa Elena Domino (2025). Postpartum Medicaid Use in Birthing Parents and Access to Financed Care. JAMA health forum,,,,,,,
REC00028,Society for Maternal-Fetal Medicine (SMFM). Electronic address: smfm@smfm.org; Jordan Stone; Suchitra Chandrasekaran; SMFM Health Policy and Advocacy Committee (2024). Society for Maternal-Fetal Medicine Position Statement: Extending Medicaid coverage for 12 months postpartum. American journal of obstetrics and gynecology,,,,,,,
REC00029,Julia C P Eddelbuettel; Jamie R Daw; Alison A Galbraith; Sarah H Gordon; Anjali Kaimal; Laura F Garabedian (2025). New York's Basic Health Program Increased Subsidized Insurance Coverage From Preconception To The Postpartum Period. Health affairs (Project Hope),,,,,,,
REC00030,Elizabeth Boggs; Robert McGowan; Lindsay Admon; Christine Welles; Nancy Fang; Richard C Lindrooth (2026). Rural-Urban Differences in Coverage Gains Under Continuous Postpartum Medicaid Eligibility. Women's health issues : official publication of the Jacobs Institute of Women's Health,,,,,,,
REC00031,"Meghan Bellerose; Lauren Collin; Jamie R Daw (2022). The ACA Medicaid Expansion And Perinatal Insurance, Health Care Use, And Health Outcomes: A Systematic Review. Health affairs (Project Hope)",,,,,,,
REC00032,Erica L Eliason; Maria W Steenland; Rebecca A Gourevitch (2026). Extended Pregnancy Medicaid During COVID-19 and Enrollment and Health Care Use in the Postpartum Year. The Milbank quarterly,,,,,,,
REC00033,Sarah H Gordon; Alex Hoagland; Lindsay K Admon; Jamie R Daw (2022). Extended Postpartum Medicaid Eligibility Is Associated With Improved Continuity Of Coverage In The Postpartum Year. Health affairs (Project Hope),,,,,,,
REC00034,"Jamie R Daw; Emily Eckert; Heidi L Allen; Kristen Underhill (2021). Extending Postpartum Medicaid: State and Federal Policy Options during and after COVID-19. Journal of health politics, policy and law",,,,,,,
REC00035,Erica Eliason; Lindsay K Admon; Maria W Steenland; Jamie R Daw (2023). Late Postpartum Coverage Loss Before COVID-19: Implications For Medicaid Unwinding. Health affairs (Project Hope),,,,,,,
REC00036,Kelly Landeen; Ashley Briggs (2016). South Dakota Medicaid Implements Coverage for Immediate Postpartum Long-Acting Reversible Contraception. South Dakota medicine : the journal of the South Dakota State Medical Association,,,,,,,
REC00037,Katy B Kozhimannil; Julia D Interrante; Bridget Basile Ibrahim; Phoebe Chastain; Maya J Millette; Jamie Daw; Lindsay K Admon (2022). Racial/Ethnic Disparities in Postpartum Health Insurance Coverage Among Rural and Urban U.S. Residents. Journal of women's health (2002),,,,,,,
REC00038,Casey Tak; Bayla Ostrach; Melinda Ramage (2024). Postpartum Access to Health Care and Opioid Use Treatment: An Evaluation of a Medicaid Population. North Carolina medical journal,,,,,,,
REC00039,Shayna Mazel; Karen Alexander; Camille Cioffi; Mishka Terplan (2023). Interventions to Support Engagement in Addiction Care Postpartum: Principles and Pitfalls. Substance abuse and rehabilitation,,,,,,,
REC00040,Jonas J Swartz; Menolly Kaufman; Maria I Rodriguez (2024). Not all Medicaid for pregnancy care is delivered equally. PloS one,,,,,,,
REC00041,Jamie R Daw; Katy B Kozhimannil; Lindsay K Admon (2021). Factors Associated With Postpartum Uninsurance Among Medicaid-Paid Births. JAMA health forum,,,,,,,
REC00042,Jamie R Daw; Kristen Underhill; Chen Liu; Heidi L Allen (2023). The Health And Social Needs Of Medicaid Beneficiaries In The Postpartum Year: Evidence From A Multistate Survey. Health affairs (Project Hope),,,,,,,
REC00043,Carrie H Wilson; Aaron Lazorwitz; Jennifer Hyer; Maryam Guiahi (2022). Concordance of Desired and Administered Postpartum Contraceptives among Emergency and Full Scope Medicaid Patients. Women's health issues : official publication of the Jacobs Institute of Women's Health,,,,,,,
REC00044,"Madeline F Perry; Lilian Bui; Lynn M Yee; Joe Feinglass (2024). Association Between State Paid Family and Medical Leave and Breastfeeding, Depression, and Postpartum Visits. Obstetrics and gynecology",,,,,,,
REC00045,Eli Y Adashi; Daniel P O'Mahony; I Glenn Cohen (2023). Maternal Mortality Crisis and Extension of Medicaid Postpartum Coverage. JAMA,,,,,,,
REC00046,Matthew D Moore; Sara E Mazzoni; Martha S Wingate; Janet M Bronstein (2024). Severe Maternal Morbidity among Low-Income Patients with Hypertensive Disorders of Pregnancy. American journal of perinatology,,,,,,,
REC00047,Allie Sakowicz; Emma C Allen; Aishwarya Nugooru; William A Grobman; Emily S Miller (2022). Timing of perinatal mental health needs: data to inform policy. American journal of obstetrics & gynecology MFM,,,,,,,
REC00048,Kimberley A Bullard; Alyssa Hersh; Aaron B Caughey; Maria I Rodriguez (2024). Expanding comprehensive pregnancy care for Emergency Medicaid recipients: a cost-effectiveness analysis. American journal of obstetrics & gynecology MFM,,,,,,,
REC00049,Sarah C Haight; Jangho Yoon; Jeff Luck; Marie Harvey; Carrie Shapiro-Mendoza; Rui Li; Jean Y Ko (2022). Medicaid expansion in Oregon and postpartum healthcare among people with and without prenatal substance use disorder. Drug and alcohol dependence reports,,,,,,,
REC00050,Emily M Johnston; Stacey McMorrow; Tyler W Thomas; Genevieve M Kenney (2020). ACA Medicaid Expansion and Insurance Coverage Among New Mothers Living in Poverty. Pediatrics,,,,,,,
REC00051,Sarah H Gordon; Amelia Whitman; Thomas Buchmueller; Benjamin D Sommers (2026). Medicaid Eligibility Category Among Enrollees With Medicaid-Paid Births in 2018. Health services research,,,,,,,
REC00052,Satyasandipani Pradhan; S Marie Harvey; Linh N Bui; Jangho Yoon (2023). Postpartum Medicaid coverage and outpatient care utilization among low-income birthing individuals in Oregon: impact of Medicaid expansion. Frontiers in public health,,,,,,,
REC00053,Bojung Seo; Jack Edward Turman; Hongmei Nan (2023). Health insurance coverage and poverty status of postpartum women in the United States in 2019: an ACS-PUMS population-based cross-sectional study. BMC public health,,,,,,,
REC00054,Erica L Eliason; Sarah H Gordon (2022). Mental Health and Postpartum Care in California: Implications from California's Provisional Postpartum Care Extension. Women's health issues : official publication of the Jacobs Institute of Women's Health,,,,,,,
REC00055,Katy Backes Kozhimannil; Emily C Sheffield; Alyssa H Fritz; Julia D Interrante; Carrie Henning-Smith; Valerie A Lewis (2024). Health insurance coverage and experiences of intimate partner violence and postpartum abuse screening among rural US residents who gave birth 2016-2020. The Journal of rural health : official journal of the American Rural Health Association and the National Rural Health Care Association,,,,,,,
REC00056,Naomi Seiler; Katie Horton; Paige Organick-Lee; Mekhi Washington; Taylor Turner; William S Pearson (2024). Addressing STIs through managed care: opportunities in Medicaid and beyond. The American journal of managed care,,,,,,,
REC00057,Andrea Knittel; Mary D Carmody; Isabelle Falk; Sreya Upputuri; Jamie Jackson; Suzanna Larkin; Marcella Boynton; Carolyn Sufrin; Kavita Shah Arora (2026). Prevalence of Postpartum Permanent Contraception Requests and Fulfillment Among Incarcerated Individuals and Individuals in the Community. Obstetrics and gynecology,,,,,,,
REC00058,Ashley Fox; Frances M Howell; Ellerie Weber; Teresa Janevic (2023). Left Behind: Medicaid Immigrant Exclusions and Access to Maternal Health Care Across the Reproductive-Perinatal Continuum. Medical care research and review : MCRR,,,,,,,
REC00059,Heike Thiel de Bocanegra; Richard Chang; Mike Howell; Philip Darney (2014). Interpregnancy intervals: impact of postpartum contraceptive effectiveness and coverage. American journal of obstetrics and gynecology,,,,,,,
REC00060,"Elizabeth Boggs; Andrei Stefanescu; Mark Gritz; Rich Lindrooth; Lindsay Admon; Renuka Tipirneni (2026). Medicaid Expansion and Rural-Urban Disparities in Postpartum Medicaid Coverage. Public health reports (Washington, D.C. : 1974)",,,,,,,
REC00061,Maria I Rodriguez; Megan Skye; Ann Martinez Acevedo; Jonas J Swartz; Aaron B Caughey; K John McConnell (2023). Postpartum Expansion of Emergency Medicaid is Associated with Increased Receipt of Recommended Glycemic Screening and Care. Journal of immigrant and minority health,,,,,,,
REC00062,"Summer Sherburne Hawkins (2023). Current Evidence to Guide Practice, Policy, and Research: Extending Medicaid Coverage in the Postpartum Period. Journal of obstetric, gynecologic, and neonatal nursing : JOGNN",,,,,,,
REC00063,Kimberly M Schaefer; Michele R Hacker; Summer S Hawkins; Rose L Molina (2024). Association of Insurance Changes With Postpartum Prescription Contraception Uptake. O&G open,,,,,,,
REC00064,"Shetal Shah; Pediatric Public Policy Council (2023). ""Medi-Mom"": maternal mortality and extending postpartum Medicaid coverage. Pediatric research",,,,,,,
REC00065,Tiffany L Mei; C Andrew Aligne; Jessica L VanScott (2024). A Visit to the Pediatrician as a Part of Comprehensive Prenatal Care? Maternal and child health journal,,,,,,,
REC00066,Erika Hanson; Daniel Albert-Rozenberg; Kathryn M Garfield; Emily Broad Leib; Ronit A Ridberg; Kurt Hager; Dariush Mozaffarian (2024). The evolution and scope of Medicaid Section 1115 demonstrations to address nutrition: a US survey. Health affairs scholar,,,,,,,
REC00067,Erica L Eliason; Sarah H Gordon (2022). The Association Between Postpartum Insurance Instability and Access to Postpartum Mental Health Services: Evidence From Colorado. Women's health issues : official publication of the Jacobs Institute of Women's Health,,,,,,,
REC00068,Stephanie R Morain; Leah R Fowler; J Wesley Boyd (2023). A Pregnant Pause: System-Level Barriers to Perinatal Mental Health Care. Health promotion practice,,,,,,,
REC00069,Lisa B Shields; Angela Glyder; Karisma Chhabria; Clayton Weymouth; Elizabeth Cherot (2025). Severe Postpartum Maternal Morbidity: How Medicaid Coverage for 365 Days Can Make a Difference. Cureus,,,,,,,
REC00070,Savannah Puett; Montserrat Tellez; Gentry Byrd; Jane A Weintraub; Brittney Ciszek; Ceib Phillips; Kim Boggess; Rocio Quinonez (2022). Retrospective Study of Prenatal and Postnatal Gaps in Oral Health Care Utilization: Medicaid Policy Implications. Maternal and child health journal,,,,,,,
REC00071,"Emily M Johnston; Stacey McMorrow; Clara Alvarez Caraveo; Lisa Dubay (2021). Post-ACA, More Than One-Third Of Women With Prenatal Medicaid Remained Uninsured Before Or After Pregnancy. Health affairs (Project Hope)",,,,,,,
REC00072,Abigail Liberty; Kimberly Yee; Blair G Darney; Ana Lopez-Defede; Maria I Rodriguez (2020). Coverage of immediate postpartum long-acting reversible contraception has improved birth intervals for at-risk populations. American journal of obstetrics and gynecology,,,,,,,
REC00073,Erica L Eliason; Meghan Bellerose (2024). Changes in postpartum insurance and care use by disability status during the COVID-19 pandemic. Disability and health journal,,,,,,,
REC00074,Marina C Jenkins; Christine Piette Durrance; Deborah B Ehrenthal (2024). Addressing Maternal and Child Health Disparities Through Perinatal Home Visiting. WMJ : official publication of the State Medical Society of Wisconsin,,,,,,,
REC00075,"Carol J Levy; Rodolfo J Galindo; Christopher G Parkin; Jacob Gillis; Nicholas B Argento (2024). All Children Deserve to Be Safe, Mothers Too: Evidence and Rationale Supporting Continuous Glucose Monitoring Use in Gestational Diabetes Within the Medicaid Population. Journal of diabetes science and technology",,,,,,,
REC00076,"Carla L DeSisto; Angela Rohan; Arden Handler; Saria S Awadalla; Timothy Johnson; Kristin Rankin (2020). The Effect of Continuous Versus Pregnancy-Only Medicaid Eligibility on Routine Postpartum Care in Wisconsin, 2011-2015. Maternal and child health journal",,,,,,,
REC00077,"Jennifer E Moore; Monica R McLemore; Nadia Glenn; Kara Zivin (2021). Policy Opportunities To Improve Prevention, Diagnosis, And Treatment Of Perinatal Mental Health Conditions. Health affairs (Project Hope)",,,,,,,
REC00078,"Wondi Samuel Manalew; Melissa White; Jusung Lee; Nathan Hale (2024). Postpartum Insurance Loss: Predicting Factors, Associations with Postpartum Health Service Utilization, and the Role of Medicaid Expansion. Maternal and child health journal",,,,,,,
REC00079,"Jordan Cahn; Ayesha Sundaram; Roopa Balachandar; Alexandra Berg; Aaron Birnbaum; Stephanie Hastings; Matthew Makansi; Emily Romano; Ariel Majidi; Danny McCormick; Adam Gaffney (2023). The Association of Childbirth with Medical Debt in the USA, 2019-2020. Journal of general internal medicine",,,,,,,
REC00080,Jonas J Swartz; Joseph Meskey; Gretchen S Stuart; Maria I Rodriguez (2021). Pregnancy Medicaid Improvements in a Nonexpansion State After the Affordable Care Act. Annals of family medicine,,,,,,,
REC00081,Janki P Luther; Daniel Y Johnson; Karen E Joynt Maddox; Kathryn J Lindley (2021). Reducing Cardiovascular Maternal Mortality by Extending Medicaid for Postpartum Women. Journal of the American Heart Association,,,,,,,
REC00082,Michelle H Moniz; Vanessa K Dalton; Matthew M Davis; Jane Forman; Bradley Iott; Jessica Landgraf; Tammy Chang (2015). Characterization of Medicaid policy for immediate postpartum contraception. Contraception,,,,,,,
REC00083,Marian Jarlenski; Sonya Borrero; Trey La Charité; Nikki B Zite (2016). Episode-Based Payment for Perinatal Care in Medicaid: Implications for Practice and Policy. Obstetrics and gynecology,,,,,,,
REC00084,Maria I Rodriguez; Ann Martinez-Acevedo; Menolly Kaufman; Erin C Nacev; Kristen Mackiewicz-Seghete; K John McConnell (2024). Diagnosis of Perinatal Mental Health Conditions Following Medicaid Expansion to Include Low-Income Immigrants. JAMA network open,,,,,,,
REC00085,Laura Barrie Smith; Claire O'Brien; Keqin Wei; Timothy A Waidmann; Genevieve M Kenney (2025). Medicaid-covered health care visits during the postpartum year: Variation by enrollee characteristics and state. Health affairs scholar,,,,,,,
REC00086,Mir M Ali; Kristina D West; Brenda Natzke; Marlena Luhr (2023). Postpartum medicaid coverage and behavioral health treatment among pregnant women with substance use disorder. General hospital psychiatry,,,,,,,
REC00087,Abidemi Okechukwu; Ivo Abraham; Chinedu Okechukwu; Priscilla Magrath; David G Marrero; Leslie V Farland; Halimatou Alaofe (2023). Extended Medicaid coverage will improve access but insufficient to enhance postpartum care utilization: a secondary analysis of the 2016-2019 Arizona Medicaid claims. Frontiers in public health,,,,,,,
REC00088,"Caitlin E Martin; Jennifer K Bello; Bridget M Galati; Joanna L Buss; Mishka Terplan; Hendrée E Jones; Kathleen T Mitchell; Silvia S Martins; Richard A Grucza; Elizabeth A Suarez; Kevin Y Xu (2025). Discontinuation of treatment for alcohol use disorder during pregnancy and postpartum in the United States. Alcohol, clinical & experimental research",,,,,,,
REC00089,Erica L Eliason; Sarah H Gordon; Maria W Steenland (2025). Association of COVID-19 Continuous Enrollment With Self-Reported Postpartum Medicaid Continuity and Coverage Inequities. Health services research,,,,,,,
REC00090,Chanup Jeung; Laura B Attanasio; Kimberley H Geissler (2025). Impact of Medicaid Coverage of Tele-Mental Health Services on Postpartum Mental Health Services: Evidence from Massachusetts. Journal of women's health (2002),,,,,,,
REC00091,Susannah K Koch; Rachel Paul; Amy N Addante; Allison Brubaker; Jeannie C Kelly; Nandini Raghuraman; Tessa Madden; Melissa Tepe; Ebony B Carter (2022). Medicaid reimbursement program for immediate postpartum long-acting reversible contraception improves uptake regardless of insurance status. Contraception,,,,,,,
REC00092,Claire E Margerison; Katlyn Hettinger; Robert Kaestner; Sidra Goldman-Mellor; Danielle Gartner (2021). Medicaid Expansion Associated With Some Improvements In Perinatal Mental Health. Health affairs (Project Hope),,,,,,,
REC00093,"Maria W Steenland; Ira B Wilson; Kristen A Matteson; Amal N Trivedi (2021). Association of Medicaid Expansion in Arkansas With Postpartum Coverage, Outpatient Care, and Racial Disparities. JAMA health forum",,,,,,,
REC00094,Jangho Yoon; S Marie Harvey; Jeff Luck (2022). Improved depression screening and treatment among low-income pregnant and postpartum women following Medicaid expansion in the U.S. Frontiers in health services,,,,,,,
REC00095,Rizwana Biviji; Jiya Mutyala; Haniyah Syed; Lakisa Muhammad; Jennie Bever (2025). Bridging the gap in lactation support through state Medicaid coverage and policy reform. Translational behavioral medicine,,,,,,,
REC00096,Cheryl L Robbins; Nicholas P Deputy; Roshni Patel; Van T Tong; Lisa P Oakley; Jangho Yoon; Linh N Bui; Jeff Luck; S Marie Harvey (2021). Postpartum Care Utilization Among Women with Medicaid-Funded Live Births in Oregon. Maternal and child health journal,,,,,,,
REC00097,Maria I Rodriguez; Megan Skye; Stephan Lindner; Aaron B Caughey; Ana Lopez-DeFede; Blair G Darney; K John McConnell (2021). Analysis of Contraceptive Use Among Immigrant Women Following Expansion of Medicaid Coverage for Postpartum Care. JAMA network open,,,,,,,
REC00098,Ellerie Weber; Heeun Kim; Annabelle Ng; Frances M Howell; Ashley Fox; Teresa Janevic (2025). Medicaid Eligibility Gaps and Pandemic-Era Postpartum Insurance Rates. JAMA health forum,,,,,,,
REC00099,Katie Gifford; Mary Joan McDuffie; Hira Rashid; Erin K Knight; Rebecca McColl; Michel Boudreaux; Michael S Rendall (2021). Postpartum contraception method type and risk of a short interpregnancy interval in a state Medicaid population. Contraception,,,,,,,
REC00100,Xiao Wang; Yolande Mfondoum Pengetnze; Emily Eckert; Graham Keever; Vikas Chowdhry (2022). Extending Postpartum Medicaid Beyond 60 Days Improves Care Access and Uncovers Unmet Needs in a Texas Medicaid Health Maintenance Organization. Frontiers in public health,,,,,,,
REC00101,Eric P Sun; Jean Guglielminotti; Stanford Chihuri; Guohua Li (2022). Association of Medicaid Expansion Under the Affordable Care Act With Perinatal Care Access and Utilization Among Low-Income Women: A Systematic Review and Meta-analysis. Obstetrics and gynecology,,,,,,,
REC00102,Erica L Eliason; Jamie R Daw; Heidi L Allen (2021). Association of Medicaid vs Marketplace Eligibility on Maternal Coverage and Access With Prenatal and Postpartum Care. JAMA network open,,,,,,,
REC00103,"Jiajia Chen; Lijing Ouyang; David A Goodman; Ekwutosi M Okoroh; Lisa Romero; Jean Y Ko; Shanna Cox (2023). Association of Medicaid Expansion Under the Affordable Care Act With Medicaid Coverage in the Prepregnancy, Prenatal, and Postpartum Periods. Women's health issues : official publication of the Jacobs Institute of Women's Health",,,,,,,
REC00104,Kayleigh A Meighan; Marit L Bovbjerg; Daniel C Benyshek; Melissa J Cheyney; Alyssa N Crittenden (2022). Prevalence and Predictors of Postpartum Cosleeping Practices after Midwife-Led Births in the US. The Journal of pediatrics,,,,,,,
REC00105,Elena V Kuklina; Robert K Merritt; Janet S Wright; Adam S Vaughan; Fátima Coronado (2024). Hypertension in Pregnancy: Current Challenges and Future Opportunities for Surveillance and Research. Journal of women's health (2002),,,,,,,
REC00106,Breanne E Biondi; Paul R Shafer; Rachel L Epstein; Michael D Stein; Jamie R Daw; Sarah H Gordon (2026). Association of Continuous Medicaid Eligibility With Postpartum Coverage and Opioid Use Disorder Treatment. American journal of preventive medicine,,,,,,,
REC00107,Caroline Margiotta; Jessica Gao; So O'Neil; Divya Vohra; Kara Zivin (2022). The economic impact of untreated maternal mental health conditions in Texas. BMC pregnancy and childbirth,,,,,,,
REC00108,Ufuoma Ejughemre; Wei Lyu; George L Wehby (2026). Effects of Medicaid Coverage on Work: Evidence From Extending Postpartum Medicaid Coverage. Health services research,,,,,,,
REC00109,Julia D Interrante; Cynthia Pando; Alyssa H Fritz; Katy B Kozhimannil (2024). Perinatal care among Hispanic birthing people: Differences by primary language and state policy environment. Health services research,,,,,,,
REC00110,"Kecia L Ellick; Charlan D Kroelinger; Karen Chang; Molly McGown; Matthew McReynolds; Alisa J Velonis; Emily Bronson; Tiffany Riehle-Colarusso; Ellen Pliska; Sanaa Akbarali; Trish Mueller; Ramya Dronamraju; Shanna Cox; Wanda D Barfield (2024). Increasing access to quality care for pregnant and postpartum people with opioid use disorder: Coordination of services, provider awareness and training, extended postpartum coverage, and perinatal quality collaboratives. Journal of substance use and addiction treatment",,,,,,,
REC00111,Gennady Margolin; Pavel P Khil; Joongbaek Kim; Marina A Bellani; R Daniel Camerini-Otero (2014). Integrated transcriptome analysis of mouse spermatogenesis. BMC genomics,,,,,,,
REC00112,"Teresa Janevic; Lauren Birnie; Kizzi Belfon; Lily Glenn; Sheela Maru; Simone Reynolds; Folake Eniola; Heeun Kim; Frances M Howell; Ashley Fox; Ellerie Weber (2025). Immigrant Inequities in Uninsurance and Postpartum Medicaid Extension: A Quasi-Experimental Study in New York City, 2016-2021. American journal of public health",,,,,,,
REC00113,"Lindsey Rose Bullinger; Kosali Simon; Brownsyne Tucker Edmonds (2022). Coverage Effects of the ACA's Medicaid Expansion on Adult Reproductive-Aged Women, Postpartum Mothers, and Mothers with Older Children. Maternal and child health journal",,,,,,,
REC00114,Sarah H Gordon; Alex Hoagland; Lindsay K Admon; Jamie R Daw (2022). Comparison of Postpartum Health Care Use and Spending Among Individuals with Medicaid-Paid Births Enrolled in Continuous Medicaid vs Commercial Insurance. JAMA network open,,,,,,,
REC00115,Cynthia J Herrick; Matthew R Keller; Anne M Trolard; Ben P Cooper; Margaret A Olsen; Graham A Colditz (2021). Factors Associated With Postpartum Diabetes Screening in Women With Gestational Diabetes and Medicaid During Pregnancy. American journal of preventive medicine,,,,,,,
REC00116,"Anne L R Schuster; Marcelo C Perraillon; Jennifer J Paul; Jenn A Leiferman; Catherine Battaglia; Elaine H Morrato (2022). The Effect of the Affordable Care Act on Women's Postpartum Insurance and Depression in 5 States That Did Not Expand Medicaid, 2012-2015. Medical care",,,,,,,
REC00117,Kimberley A Bullard; Shaalini Ramanadhan; Aaron B Caughey; Maria I Rodriguez (2024). Immediate Postpartum Long-Acting Reversible Contraception for Preventing Severe Maternal Morbidity: A Cost-Effectiveness Analysis. Obstetrics and gynecology,,,,,,,
REC00118,Jamie R Daw; Tyler N A Winkelman; Vanessa K Dalton; Katy B Kozhimannil; Lindsay K Admon (2020). Medicaid Expansion Improved Perinatal Insurance Continuity For Low-Income Women. Health affairs (Project Hope),,,,,,,
REC00119,Maria I Rodriguez; Menolly Kaufman; Stephan Lindner; Aaron B Caughey; Ana Lopez DeFede; K John McConnell (2021). Association of Expanded Prenatal Care Coverage for Immigrant Women With Postpartum Contraception and Short Interpregnancy Interval Births. JAMA network open,,,,,,,
REC00120,Megan Fuerst; Mennolly Kaufman; Ann Martinez Acevedo; Ana Lopez-Defede; Kelsey Holt; Maria Rodriguez (2024). Impact of 12-month Medicaid extension on postpartum contraception use in South Carolina. American journal of obstetrics & gynecology MFM,,,,,,,
REC00121,Anne L Dunlop; Peter Joski; Andrea E Strahan; Erica Sierra; E Kathleen Adams (2020). Postpartum Medicaid Coverage and Contraceptive Use Before and After Ohio's Medicaid Expansion Under the Affordable Care Act. Women's health issues : official publication of the Jacobs Institute of Women's Health,,,,,,,
REC00122,Chanup Jeung; Laura B Attanasio; Kimberley H Geissler (2022). Transitions in Health Insurance During the Perinatal Period Among Patients With Continuous Insurance Coverage. JAMA network open,,,,,,,
REC00123,Maria I Rodriguez; K John McConnell; Megan Skye; Menolly Kaufman; Aaron B Caughey; Ana Lopez-Defede; Blair G Darney (2022). Disparities in postpartum contraceptive use among immigrant women with restricted Medicaid benefits. AJOG global reports,,,,,,,
REC00124,Wesley R White; Shona L Ray-Griffith; Jessica L Coker (2023). Time to pay attention: an underrecognized casualty of the opioid epidemic. Archives of women's mental health,,,,,,,
REC00125,Neko M Castleberry; Lauren Stark; Jay Schulkin; Daniel Grossman (2019). Implementing best practices for the provision of long-acting reversible contraception: a survey of obstetrician-gynecologists. Contraception,,,,,,,
REC00126,Hannah C Palm; James H Degnan; Sharla D Biefeld; Abigail L Reese; Eve Espey; Lisa G Hofler (2020). An initiative to implement immediate postpartum long-acting reversible contraception in rural New Mexico. American journal of obstetrics and gynecology,,,,,,,
REC00127,Pranitha S Kaza (2025). Unveiling the Challenges and Solutions: A Scoping Review of Maternal Healthcare Access in Rural Georgia. Cureus,,,,,,,
REC00128,Nicholas K Schiltz; Beth Finkelstein Rosenthal; Moira A Crowley; Siran M Koroukian; Ann Nevar; Sharon B Meropol; Leona Cuttler (2014). Rehospitalization during the first year of life by insurance status. Clinical pediatrics,,,,,,,
REC00129,Lijing Ouyang; Shanna Cox; Likang Xu; Cheryl L Robbins; Jean Y Ko (2023). Mental health and substance use disorders at delivery hospitalization and readmissions after delivery discharge. Drug and alcohol dependence,,,,,,,
REC00130,Amanda DiMeo; Rasheca Logendran; Benjamin D Sommers; Alexandra Beecroft; Yessamin Pazos Herencia; Maria Bazan; Carrie Wade; Jeffrey Sprankle; Margaret M Sullivan; Rose L Molina (2024). Navigating the Labyrinth of Pregnancy-Related Coverage for Undocumented Immigrants: An Assessment of Current State and Federal Policies. American journal of public health,,,,,,,
REC00131,Carmen M Avram; Jonas J Swartz (2022). Sidebar: The Fourth Trimester: Promising Possibilities through Postpartum Medicaid Coverage Expansion. North Carolina medical journal,,,,,,,
REC00132,Deborah Karasek; Sarah Raifman; William H Dow; Rita Hamad; Julia M Goodman (2022). Evaluating the Effect of San Francisco's Paid Parental Leave Ordinance on Birth Outcomes. International journal of environmental research and public health,,,,,,,
REC00133,Laurie Zephyrin; Kay Johnson (2022). Optimizing Medicaid Extended Postpartum Coverage to Drive Health Care System Change. Women's health issues : official publication of the Jacobs Institute of Women's Health,,,,,,,
REC00134,Allie L Harbert; Randaline R Barnett; Andrew L Abumoussa; William H Goodnight; Sue Tolleson-Rinehart; Carolyn S Quinsey (2022). Sociodemographic disparities as a determinant of fetal versus postnatal surgical myelomeningocele repair. Journal of neurosurgery. Pediatrics,,,,,,,
REC00135,Michael McFayden; Nupur Jain; Neha Joseph; Em Long-Mills; James L Whiteside; Dmitry Tumin (2026). Postpartum Medicaid Coverage Expansion and Changes in the Risk of Health Insurance Loss Within the Second Year After Birth. Population health management,,,,,,,
REC00136,Meghan Bellerose; Mariela Rodriguez; Patrick M Vivier (2022). A systematic review of the qualitative literature on barriers to high-quality prenatal and postpartum care among low-income women. Health services research,,,,,,,
REC00137,Briana P Patton; Elizabeth E Krans; Joo Yeon Kim; Marian Jarlenski (2019). The impact of Medicaid expansion on postpartum health care utilization among pregnant women with opioid use disorder. Substance abuse,,,,,,,
REC00138,Deborah B Ehrenthal; Katie Gelinas; David A Paul; Abiy Agiro; Cynthia Denemark; Anthony J Brazen; Michael Pollack; Matthew K Hoffman (2017). Postpartum Emergency Department Visits and Inpatient Readmissions in a Medicaid Population of Mothers. Journal of women's health (2002),,,,,,,
REC00139,Maureen E Farrell; Megan L Evans (2020). Leaving half the population behind-the continued fight to cover America's mothers: a call to action. American journal of obstetrics and gynecology,,,,,,,
REC00140,Alexandra Buscaglia; Annie Glover; Nicole Smith; Al Garnsey (2025). Barriers and facilitators to contraception provision among rural healthcare providers. Contraception and reproductive medicine,,,,,,,
REC00141,Adrianna McIntyre; Benjamin D Sommers; Gabriella Aboulafia; E John Orav; Arnold M Epstein; Jose F Figueroa (2025). Experiences with Medicaid unwinding among low-income adults in 4 southern states. Health affairs scholar,,,,,,,
REC00142,Molly B Richardson; Angelina A Toluhi; Monica L Baskin; Henna Budhwani; Zoë I Julian; Candace C Knight; Rachel Sinkey; Jeff M Szychowski; Alan T N Tita; Martha S Wingate; Janet M Turan (2023). Community and Systems Contributors and Strategies to Reduce Racial Inequities in Maternal Health in the Deep South: Provider Perspectives. Health equity,,,,,,,
REC00143,"Madelyne Z Greene; Kate H Gillespie; Rachel L Dyer (2023). Contextual and Policy Influences on the Implementation of Prenatal Care Coordination. Policy, politics & nursing practice",,,,,,,
REC00144,"Ashley Fox; Frances M Howell; Ellerie Weber; Teresa Janevic (2025). ""Where There's a Will There's a Way"": The Impact of State Variations in the Implementation of Continuous Coverage on Access to Postpartum Care During the Pandemic Emergency. Health services research",,,,,,,
REC00145,Mariam Kayle; Mei Zhou; Brandon K Attell; Jhaqueline Valle; Sarah L Reeves; Hannah K Peng; Mathew Smeltzer; Ayesha Mukhopadhyay; Tobi Adeyeye Amosun; Jill Sergison; Angela B Snyder (2025). Pregnancy- and Disease-Related Morbidity Among Medicaid Enrollees With Sickle Cell Disease. Pediatric blood & cancer,,,,,,,
REC00146,Sabrina Alam; Utsav Nandi; Sarah Scarborough; Emma McNeill; Kevin Callison; Lizheng Shi; Abigail Gamble (2024). Maternal Health Legislation Enacted in Three Southeastern States in the United States Between 2018-2023: Policy Surveillance. Journal of the Mississippi State Medical Association,,,,,,,
REC00147,Carina Heckert; Andrea Daniella Mata (2025). Stratified Access and Experiences of Maternal Health Care in the United States-Mexico Border Region. Perspectives on sexual and reproductive health,,,,,,,
REC00148,Charlotte V Farewell; Jennifer Gahrns; Julia Pangalangan; Emily Curl; Anna Pangalangan (2025). Community-based doulas and medicaid expansion: a resource-based approach to support the well-being of low-income postpartum women. BMC pregnancy and childbirth,,,,,,,
REC00149,"Ufuoma Ejughemre; Wei Lyu; George L Wehby (2025). Effects of the continuous Medicaid coverage provision of the family first coronavirus response act on postpartum Medicaid coverage, depression symptoms, and birth control use. Health services research",,,,,,,
REC00150,"Taylor A Merritt; Sonja A Rasmussen; Melissa A Bright; Dikea Roussos-Ross; Shireen Madani Sims; Matthew J Gurka; Lindsay A Thompson (2020). Variation in Tdap and Influenza Vaccination Coverage Among Pregnant Women by Insurance Type - Florida, 2016-2018. MMWR. Morbidity and mortality weekly report",,,,,,,
REC00151,Charlotte V Farewell; Jennifer Gahrns; Julia Pangalangan; Emily Curl; Anna Pangalangan (2025). Community-Based Doulas and Medicaid Expansion: A Resource-Based Approach to Support the Well-being of Low-Income Postpartum Women. Research square,,,,,,,
REC00152,"Kristen S Marchi; Melanie S Dove; Katherine E Heck; Chuncui Fan (2021). The Affordable Care Act and Changes in Women's Health Insurance Coverage Before, During, and After Pregnancy in California. Public health reports (Washington, D.C. : 1974)",,,,,,,
REC00153,Annika Brakebill; Jamie L Huizinga; Lindsay Admon (2023). Consequences of Post-Public Health Emergency Medicaid Redetermination for Low-Income Pregnant and Postpartum Patients. Journal of women's health (2002),,,,,,,
REC00154,Hon Sen Tan; Nicole R Guinn; Matthew E Fuller; Ashraf S Habib (2022). The association between intravenous iron for antenatal anemia and postnatal depression: a retrospective cohort study. Archives of gynecology and obstetrics,,,,,,,
REC00155,"Ingrid Lorese D Tablazon; Natalie Johns; Rachel M Smith; Lisa C Hickman (2026). Postpartum Urogynecologic Care: Do Sociodemographic Factors Impact Attendance? Urogynecology (Philadelphia, Pa.)",,,,,,,
REC00156,Laura J Sherman; Mir M Ali (2018). Diagnosis of Postpartum Depression and Timing and Types of Treatment Received Differ for Women with Private and Medicaid Coverage. Women's health issues : official publication of the Jacobs Institute of Women's Health,,,,,,,
REC00157,Jangho Yoon; Mandana Masoumirad; Linh N Bui; Patrick Richard; S Marie Harvey (2024). Prenatal opioid use as a predictor of postpartum suicide attempts among reproductive-age women enrolled in Oregon Medicaid. BMC women's health,,,,,,,
REC00158,Emily C Dossett; Alison Stuebe; Twylla Dillion; Karen M Tabb (2024). Perinatal Mental Health: The Need For Broader Understanding And Policies That Meet The Challenges. Health affairs (Project Hope),,,,,,,
REC00159,"Jesse Rattan; Justin M Leach; Christina Blanchard; Meghan Tipre; T Robin Bartlett; Azita Amiri; Monica L Baskin; Rachel Sinkey; Janet M Turan (2025). Health insurance, race, and receipt of a postpartum visit among patients giving birth in a referral hospital in the US South. Social science & medicine (1982)",,,,,,,
REC00160,Maria I Rodriguez; Richard Chang; Heike Thiel de Bocanegra (2015). The impact of postpartum contraception on reducing preterm birth: findings from California. American journal of obstetrics and gynecology,,,,,,,
REC00161,Sara C Handley; Julia D Interrante; Emily F Gregory; Katy B Kozhimannil (2025). Rural-urban differences in health care access for postpartum parent and infant dyads. The Journal of rural health : official journal of the American Rural Health Association and the National Rural Health Care Association,,,,,,,
REC00162,Martina Iulini; Véronique de Bruijn; Selma Hurem; Unni C Nygaard; Saadia Kerdine-Römer; Christiane Spruck; Julia Tigges; Rob Vandebriel; Emanuela Corsini (2026). From animal models to NAMs: a paradigm shift in developmental immunotoxicity testing. Archives of toxicology,,,,,,,
REC00163,LeAnn Louis; Angela Frankel; Asha Ayub; Tatum Williamson; Ashley Hanes; Megan L Evans (2022). Reproductive Health and Coronavirus Disease 2019-Induced Economic Contracture: Lessons From the Great Recession. Clinical therapeutics,,,,,,,
REC00164,Grace Ferguson; Emma G Guare; Candace Bordner; Cynthia H Chuang; Sarah Horvath (2025). Facilitators and barriers to implementation of immediate postpartum long-acting reversible contraception programs within Pennsylvania hospitals 7 years after Pennsylvania Medicaid reimbursement. Contraception,,,,,,,
REC00165,"Namrata Sanjeevi; Luciana E Hebert; Bidisha Mandal; Pablo Monsivais (2025). Loss of Pregnancy-Related Medicaid Coverage Is Associated With Unmet Need for Health Care, Medical Financial Hardship, and Lower Health Care Use in Postpartum Women. Public health challenges",,,,,,,
REC00166,Teresa Janevic; Heeun Kim; Annabelle Ng; Frances M Howell; Shelley H Liu; Ashley Fox; Ellerie Weber (2026). Racial Inequities in Postpartum Coverage During Medicaid Continuous Coverage: Evidence From Affordable Care Act Expansion Versus Nonexpansion States. American journal of preventive medicine,,,,,,,
REC00167,Nathaniel Z Counts; Margaret R Kuklinski; Venus Wong; Mark E Feinberg; Timothy B Creedon (2022). Comparison of Estimated Incentives for Preventing Postpartum Depression in Value-Based Payment Models Using the Net Present Value of Care vs Total Cost of Care. JAMA network open,,,,,,,
REC00168,William V Bobo; Peter Wollan; Greg Lewis; Susan Bertram; Margary J Kurland; Kimberle Vore; Barbara P Yawn (2014). Depressive symptoms and access to mental health care in women screened for postpartum depression who lose health insurance coverage after delivery: findings from the Translating Research into Practice for Postpartum Depression (TRIPPD) effectiveness study. Mayo Clinic proceedings,,,,,,,
REC00169,Emily Eckert (2020). Preserving the Momentum to Extend Postpartum Medicaid Coverage. Women's health issues : official publication of the Jacobs Institute of Women's Health,,,,,,,
REC00170,Wendy L Bennett; Hsien-Yen Chang; David M Levine; Lin Wang; Donna Neale; Erika F Werner; Jeanne M Clark (2014). Utilization of primary and obstetric care after medically complicated pregnancies: an analysis of medical claims data. Journal of general internal medicine,,,,,,,
REC00171,Rui Li; Brenda Bauman; Denise V D'Angelo; Leslie L Harrison; Lee Warner; Wanda D Barfield; Shanna Cox (2019). Affordable Care Act-dependent Insurance Coverage and Access to Care Among Young Adult Women With a Recent Live Birth. Medical care,,,,,,,
REC00172,Peng Zhang; Justin R Lappen; Amy Attaway; Serpil Erzurum; Thomas E Love; Joe Zein; Wayne Tsuang (2025). Asthma Exacerbation Risk in Pregnancy and Postpartum: Assessing the Impact of Gestational Diabetes Mellitus and Other Key Factors. The journal of allergy and clinical immunology. In practice,,,,,,,
REC00173,"Ginny Garcia; Dawn M Richardson; Kelly L Gonzales; Adolfo G Cuevas (2015). Trends and Disparities in Postpartum Sterilization after Cesarean Section, 2000 through 2008. Women's health issues : official publication of the Jacobs Institute of Women's Health",,,,,,,
REC00174,Yoonyoung Park; Jianying Hu; Moninder Singh; Issa Sylla; Irene Dankwa-Mullan; Eileen Koski; Amar K Das (2021). Comparison of Methods to Reduce Bias From Clinical Prediction Models of Postpartum Depression. JAMA network open,,,,,,,
REC00175,Alan Leviton; Elizabeth N Allred; Olaf Dammann; Robert M Joseph; Raina N Fichorova; T Michael O'Shea; Karl C K Kuban (2019). Socioeconomic status and early blood concentrations of inflammation-related and neurotrophic proteins among extremely preterm newborns. PloS one,,,,,,,
REC00176,Maria I Rodriguez; Ann Martinez Acevedo; Jonas J Swartz; Aaron B Caughey; Amy Valent; K John McConnell (2022). Association of Prenatal Care Expansion With Use of Antidiabetic Agents During Pregnancies Among Latina Emergency Medicaid Recipients With Gestational Diabetes. JAMA network open,,,,,,,
REC00177,"Charlan D Kroelinger; Marion E Rice; Shanna Cox; Hadley R Hickner; Mary Kate Weber; Lisa Romero; Jean Y Ko; Donna Addison; Trish Mueller; Carrie Shapiro-Mendoza; S Nicole Fehrenbach; Margaret A Honein; Wanda D Barfield (2019). State Strategies to Address Opioid Use Disorder Among Pregnant and Postpartum Women and Infants Prenatally Exposed to Substances, Including Infants with Neonatal Abstinence Syndrome. MMWR. Morbidity and mortality weekly report",,,,,,,
REC00178,Comfort Z Olorunsaiye; Hannah M Degge; Augustus Osborne; Dejenaba N Gordon (2026). COVID-19 Vaccine Literacy Among Black Pregnant and Postpartum Women in the USA. Journal of racial and ethnic health disparities,,,,,,,
REC00179,Lekisha Daniel-Robinson; Stephen Cha; Marsha Lillie-Blanton (2015). Efforts to Improve Perinatal Outcomes for Women Enrolled in Medicaid. Obstetrics and gynecology,,,,,,,
REC00180,Michelle H Moniz; Tammy Chang; Matthew M Davis; Jane Forman; Jessica Landgraf; Vanessa K Dalton (2016). Medicaid Administrator Experiences with the Implementation of Immediate Postpartum Long-Acting Reversible Contraception. Women's health issues : official publication of the Jacobs Institute of Women's Health,,,,,,,
REC00181,Cynthia N Lebron; Anna-Michelle McSorley; Vanessa Morales; Hannah T Peterson; Veronica Morales (2026). U.S. Immigration Policy Environment Contributions to Maternal and Child Health in the Latino Population. International journal of environmental research and public health,,,,,,,
REC00182,Heeun Kim; Annabelle Ng; Frances Howell; Ashley Fox; Teresa Janevic; Ellerie Weber (2026). Postpartum Insurance Rates Among Citizens Versus Noncitizens During the COVID-19 Public Health Emergency. Health services research,,,,,,,
REC00183,Yhenneko J Taylor; Tsai-Ling Liu; Elizabeth A Howell (2020). Insurance Differences in Preventive Care Use and Adverse Birth Outcomes Among Pregnant Women in a Medicaid Nonexpansion State: A Retrospective Cohort Study. Journal of women's health (2002),,,,,,,
REC00184,"Kelly J Hunt; Chun-Che Wen; Kalyan J Chundru; Julio Mateus; Hermes Florez; Jeffrey E Korte; Brian Neelon; Dulaney A Wilson; John Pearce; Mallory H Alkis; Sarah Simpson; Erin Alsbrook; Veronica Spates; Angela M Malek (2025). Adverse pregnancy and infant outcomes by COVID-19 infection status before and during pregnancy. Pregnancy (Hoboken, N.J.)",,,,,,,
REC00185,Cynthia J Herrick; Matthew R Keller; Anne M Trolard; Ben P Cooper; Margaret A Olsen; Graham A Colditz (2019). Postpartum diabetes screening among low income women with gestational diabetes in Missouri 2010-2015. BMC public health,,,,,,,
REC00186,Brittany J Raffa; Isabella C A Higgins; Catalina Montiel; Allison McCord Stafford; Rushina Cholera (2025). Navigating Healthcare and Public Benefits in NC: Perspectives of Undocumented Latina Women with U.S.-Born Infants. Journal of immigrant and minority health,,,,,,,
REC00187,Katherine Kortsmit; Letitia Williams; Karen Pazol; Ruben A Smith; Maura Whiteman; Wanda Barfield; Emilia Koumans; Athena Kourtis; Leslie Harrison; Brenda Bauman; Lee Warner (2019). Condom Use With Long-Acting Reversible Contraception vs Non-Long-Acting Reversible Contraception Hormonal Methods Among Postpartum Adolescents. JAMA pediatrics,,,,,,,
REC00188,Emily Ireland; Kristin Palmsten; Heather S Lipkind; Christina M Ackerman-Banks; Katherine A Ahrens (2026). Characteristics and Incidence of Lactational Mastitis Using State-Wide Data from 2016 to 2022. Journal of women's health (2002),,,,,,,
REC00189,Lois McCloskey; Judith Bernstein; The Bridging The Chasm Collaborative; Ndidimaka Amutah-Onukagha; Jodi Anthony; Mary Barger; Candice Belanoff; Trude Bennett; Chloe E Bird; Denise Bolds; Burke-Weber Brenna; Rebecca Carter; Ann Celi; Breanna Chachere; Joia Crear-Perry; Chase Crossno; Alba Cruz-Davis; Karla Damus; Alissa Dangel; Zendilli Depina; Phyllisa Deroze; Colette Dieujuste; Annie Dude; Joyce Edmonds; Daniel Enquobahrie; Ebosetale Eromosele; Erin Ferranti; Mary Fitzmaurice; Christina Gebel; Linda Goler Blount; Ann Greiner; Sue Gullo; Amy Haddad; Nneka Hall; Arden Handler; Irene Headen; Lisa Heelan-Fancher; Teri Hernandez; Kay Johnson; Emily Jones; NeKeshia Jones; Stacey Klaman; Barbara Lund; Monica Mallampalli; Lilly Marcelin; Cassondra Marshall; Bridgette Maynard; Shondra McCage; Suzanne Mitchell; Rose Molina; Suzi Montasir; Jacinda Nicklas; Alyson Northrup; Anna Norton; Ebere Oparaeke; Athena Ramos; Sue Rericha; Elena Rios; Joan Rosen Bloch; Cassie Ryan; Suzanne Sarfaty; Ellen Seely; Vivienne Souter; Martina Spain; Randiesa Spires; Suzanne Theberge; Tamara Thompson; Madi Wachman; Tina Yarrington; Lynn M Yee; Chloe Zera; Working Group Advisors; Janine Clayton; Christina Lachance (2021). Bridging the Chasm between Pregnancy and Health over the Life Course: A National Agenda for Research and Action. Women's health issues : official publication of the Jacobs Institute of Women's Health,,,,,,,
REC00190,Sarah Cook; Rocio B Quinonez; Martha Ann Keels; Paul Mihas; Zachary A Brian (2026). Improving perinatal oral health care access: Consumer suggestions for change. Journal of the American Dental Association (1939),,,,,,,
REC00191,Erica F Robinson; Janelle K Moulder; Matthew L Zerden; April M Miller; Nikki B Zite (2020). Preserving and advocating for essential care for women during the coronavirus disease 2019 pandemic. American journal of obstetrics and gynecology,,,,,,,
REC00192,Kay Johnson; Mary Applegate; Rebekah E Gee (2015). Improving Medicaid: three decades of change to better serve women of childbearing age. Clinical obstetrics and gynecology,,,,,,,
REC00193,Sean Price (2021). Saving Mothers' Lives: Texas Physicians Prioritize Fighting Maternal Mortality and Morbidity. Texas medicine,,,,,,,
REC00194,Heather M Wasser; Amanda L Thompson; Chirayath M Suchindran; Barbara D Goldman; Eric A Hodges; Meredith J Heinig; Margaret E Bentley (2020). Home-based intervention for non-Hispanic black families finds no significant difference in infant size or growth: results from the Mothers & Others randomized controlled trial. BMC pediatrics,,,,,,,
REC00195,Jessica Beach (2025). Pregnancy Medicaid in North Carolina: An Interview with Maternal and Child Health Professional Jessica Beach. North Carolina medical journal,,,,,,,
REC00196,"Hasan Symum; José L Zayas-Castro (2023). A Multistate Decomposition Analysis of Cesarean Rate Variations, Associated Health Outcomes, and Financial Implications in the United States. American journal of perinatology",,,,,,,
REC00197,Sophia Scott (2025). Mitigating the black maternal morbidity and mortality crisis in the United States. Journal of public health policy,,,,,,,
REC00198,Nadine Z Chrestay; Noah O Chrestay; Monique Brotman (2026). Optimizing the Transition of Care for Postpartum Preeclampsia: A Scoping Review of Management Strategies and Missed Opportunities. Cureus,,,,,,,
REC00199,Comfort Z Olorunsaiye; Augustus Osborne; Hannah M Degge; Ucheoma Nwaozuru; Sanni Yaya (2026). Mapping the evidence on factors influencing postpartum contraception among sub-Saharan African immigrant and refugee women in the United States: a scoping review. Reproductive health,,,,,,,
REC00200,Dorothy Cilenti; Hye-Chung Kum; Rebecca Wells; J Timothy Whitmire; Ravi K Goyal; Marianne M Hillemeier (2015). Changes in North Carolina maternal health service use and outcomes among medicaid-enrolled pregnant women during state budget cuts. Journal of public health management and practice : JPHMP,,,,,,,
REC00201,Emily Leubner; Brooke A Levandowski; Sage Mikami; Theresa Green; Sarah Betstadt (2025). Immediate postplacental intrauterine device placement: retrospective cohort study of expulsion and associated risk factors. AJOG global reports,,,,,,,
REC00202,Deepti Sanku; Caleb Zimmerman; Mahreen Anwar; Payton Wolbert; Nicole Burmeister; Cade Cantu; Neehar Haryadi; Danielle Janowicz; Alexia Lucas; Beth Bailey (2026). Unraveling the Interplay of Race and Geography on Maternal Mortality in the United States. Journal of racial and ethnic health disparities,,,,,,,
REC00203,Ehiremen Adesua Azugbene (2026). Closing the Gap: Advancing Maternal Health Care for Refugee Women in the United States. Journal of immigrant and minority health,,,,,,,
REC00204,"Mohammad Najeh Samara; Kimberly Harry; Aish Barua (2026). Addressing the U.S. maternal health crisis: a systematic review of healthcare access barriers, disparate outcomes, and effective interventions. Frontiers in public health",,,,,,,
REC00205,"Van T Tong; Yalonda Hutchings; Sherry L Farr; Denise D'Angelo; Stephen Babb (2014). State-specific estimates of complete smoke-free home rules among postpartum women, 2010. Preventive medicine",,,,,,,
REC00206,"Sharla M Smith; Shea Kempsen; Claire Metcalf; Oluoma Obi; Elizabeth Madrigal; Kionna L Henderson; Megha Ramaswamy (2026). Closing the Gap Between Recommendation and Uptake: Provider Communication About Low-Dose Aspirin for Preeclampsia Prevention. Journal of pediatrics, perinatology and child health",,,,,,,
REC00207,Joey Berlin; Sean Price (2019). On Call at the Capitol: TMA&#39;s 2019 Legislative Agenda. Texas medicine,,,,,,,
REC00208,Allison Hoynes; Brittany Cox; Roma Amin; Chelsey Foster; Annalise Celano; Jonathan Yun (2026). Is the Availability of Immediate Inpatient Postpartum Long-Acting Reversible Contraception (LARC) Associated with a Decrease in Rapid Repeat Pregnancy? Journal of the American Board of Family Medicine : JABFM,,,,,,,
REC00209,Sarah Gordon; Amelia Whitman; Sarah Sugar; Lucy Chen; Christie Peters; Nancy De Lew; Benjamin D. Sommers (2023). Medicaid After Pregnancy: State-Level Implications of Extending Postpartum Coverage (2023 Update): Issue Brief Medicaid After Pregnancy: State-Level Implications of Extending Postpartum Coverage (2023 Update): Issue Brief,,,,,,,
REC00210,"Jessica Monnet; Julie Hudson (2001). Insurance Status of Mothers at the Time of Birth, by Demographic Characteristics, 2008-2019 Statistical Brief (Medical Expenditure Panel Survey (US))",,,,,,,
REC00211,Mir M. Ali; Kristina D. West; Martin Blanco (2023). Variation Across States in Loss of Medicaid Coverage Among Pregnant Beneficiaries with Substance Use Disorders: Issue Brief Variation Across States in Loss of Medicaid Coverage Among Pregnant Beneficiaries with Substance Use Disorders: Issue Brief,,,,,,,
